{
  "count": 54,
  "users": [
    {
      "firstName": "Fred",
      "lastName": "Barnes",
      "soldProducts": {
        "count": 9,
        "products": [
          {
            "name": "Fair Foundation SPF 15",
            "price": "1394.24"
          },
          {
            "name": "IOPE RETIGEN MOISTURE TWIN CAKE NO.21",
            "price": "1257.71"
          },
          {
            "name": "ESIKA",
            "price": "879.37"
          },
          {
            "name": "allergy eye",
            "price": "426.91"
          },
          {
            "name": "GOONG SECRET CALMING BATH",
            "price": "742.47"
          },
          {
            "name": "EMEND",
            "price": "1365.51"
          },
          {
            "name": "Finasteride",
            "price": "1374.01"
          },
          {
            "name": "Glyburide",
            "price": "95.10"
          },
          {
            "name": "Allergena",
            "price": "109.32"
          }
        ]
      }
    },
    {
      "firstName": "Anna",
      "lastName": "Parker",
      "age": 56,
      "soldProducts": {
        "count": 7,
        "products": [
          {
            "name": "Growing Pains",
            "price": "1077.37"
          },
          {
            "name": "Amitriptyline Hydrochloride",
            "price": "1453.96"
          },
          {
            "name": "TYLENOL COLD MULTI-SYMPTOM DAYTIME",
            "price": "1010.81"
          },
          {
            "name": "Glycopyrrolate",
            "price": "1471.43"
          },
          {
            "name": "Baza Antifungal",
            "price": "1162.34"
          },
          {
            "name": "Foaming Hand Sanitizer",
            "price": "624.72"
          },
          {
            "name": "Topical 60 Sec Sodium Fluoride",
            "price": "1228.84"
          }
        ]
      }
    },
    {
      "firstName": "Emily",
      "lastName": "Parker",
      "age": 41,
      "soldProducts": {
        "count": 6,
        "products": [
          {
            "name": "PREMIER VALUE ALLERGY",
            "price": "1127.61"
          },
          {
            "name": "Pollens - Trees, Birch Mix",
            "price": "1153.54"
          },
          {
            "name": "Prostate",
            "price": "716.05"
          },
          {
            "name": "smart sense nighttime cold and flu relief",
            "price": "1101.77"
          },
          {
            "name": "PRIMAXIN",
            "price": "686.66"
          },
          {
            "name": "cough and sore throat",
            "price": "1482.68"
          }
        ]
      }
    },
    {
      "lastName": "Cunningham",
      "soldProducts": {
        "count": 6,
        "products": [
          {
            "name": "pain relief",
            "price": "938.23"
          },
          {
            "name": "Ketorolac Tromethamine",
            "price": "608.18"
          },
          {
            "name": "Agaricus Equisetum Special Order",
            "price": "585.93"
          },
          {
            "name": "Flumazenil",
            "price": "1151.37"
          },
          {
            "name": "Ringers",
            "price": "1054.37"
          },
          {
            "name": "Yellow Jacket hymenoptera venom Venomil Diagnostic",
            "price": "23.58"
          }
        ]
      }
    },
    {
      "lastName": "Mitchell",
      "age": 41,
      "soldProducts": {
        "count": 6,
        "products": [
          {
            "name": "Nevirapine",
            "price": "1374.72"
          },
          {
            "name": "Homeopathic Rheumatism",
            "price": "967.08"
          },
          {
            "name": "ziprasidone hydrochloride",
            "price": "628.66"
          },
          {
            "name": "Labetalol hydrochloride",
            "price": "436.38"
          },
          {
            "name": "kirkland signature minoxidil",
            "price": "49.17"
          },
          {
            "name": "NEO-POLY-BAC HYDRO",
            "price": "967.32"
          }
        ]
      }
    },
    {
      "lastName": "Bennett",
      "soldProducts": {
        "count": 5,
        "products": [
          {
            "name": "Topiramate",
            "price": "578.77"
          },
          {
            "name": "Alcohol Free Antiseptic",
            "price": "1486.07"
          },
          {
            "name": "Warfarin Sodium",
            "price": "1379.79"
          },
          {
            "name": "Lamotrigine Extended Release",
            "price": "245.63"
          },
          {
            "name": "CLARINS Ever Matte SPF 15 - 105 Nude",
            "price": "696.06"
          }
        ]
      }
    },
    {
      "firstName": "Carl",
      "lastName": "Lawson",
      "age": 19,
      "soldProducts": {
        "count": 5,
        "products": [
          {
            "name": "ENBREL",
            "price": "673.97"
          },
          {
            "name": "ropinirole hydrochloride",
            "price": "103.58"
          },
          {
            "name": "Laser Block 100",
            "price": "1135.43"
          },
          {
            "name": "Buprenorphine hydrochloride",
            "price": "391.05"
          },
          {
            "name": "Metformin Hydrochloride",
            "price": "953.99"
          }
        ]
      }
    },
    {
      "firstName": "Thomas",
      "lastName": "Snyder",
      "age": 40,
      "soldProducts": {
        "count": 5,
        "products": [
          {
            "name": "AVANDAMET",
            "price": "632.08"
          },
          {
            "name": "DIPYRIDAMOLE",
            "price": "1150.67"
          },
          {
            "name": "Warfarin Sodium",
            "price": "770.05"
          },
          {
            "name": "SNORING HP",
            "price": "53.59"
          },
          {
            "name": "Phenylephrine HCl",
            "price": "459.89"
          }
        ]
      }
    },
    {
      "firstName": "Marie",
      "lastName": "Williamson",
      "soldProducts": {
        "count": 5,
        "products": [
          {
            "name": "Care One Hemorrhoidal",
            "price": "932.18"
          },
          {
            "name": "SUMATRIPTAN SUCCINATE",
            "price": "1265.94"
          },
          {
            "name": "Acid Reducer",
            "price": "1443.51"
          },
          {
            "name": "Isosorbide Mononitrate",
            "price": "789.91"
          },
          {
            "name": "PANTOPRAZOLE SODIUM",
            "price": "293.89"
          }
        ]
      }
    },
    {
      "firstName": "Diana",
      "lastName": "Harvey",
      "age": 46,
      "soldProducts": {
        "count": 5,
        "products": [
          {
            "name": "Aspen",
            "price": "1046.46"
          },
          {
            "name": "Ondansetron",
            "price": "1249.76"
          },
          {
            "name": "Etodolac",
            "price": "1443.13"
          },
          {
            "name": "VITALUMIERE AQUA",
            "price": "1293.09"
          },
          {
            "name": "Wintergreen Isopropyl Alcohol",
            "price": "1397.57"
          }
        ]
      }
    },
    {
      "firstName": "Brandon",
      "lastName": "Fuller",
      "age": 30,
      "soldProducts": {
        "count": 5,
        "products": [
          {
            "name": "Gemcitabine",
            "price": "594.79"
          },
          {
            "name": "Effervescent Cold Relief",
            "price": "1436.07"
          },
          {
            "name": "Gehwol med Lipidro",
            "price": "421.24"
          },
          {
            "name": "Fexofenadine HCl and Pseudoephedrine HCI",
            "price": "73.07"
          },
          {
            "name": "ORCHID SECRET PACT",
            "price": "59.53"
          }
        ]
      }
    },
    {
      "lastName": "Harrison",
      "age": 18,
      "soldProducts": {
        "count": 4,
        "products": [
          {
            "name": "Warfarin Sodium",
            "price": "138.83"
          },
          {
            "name": "Aquafresh",
            "price": "849.93"
          },
          {
            "name": "Megestrol Acetate",
            "price": "976.15"
          },
          {
            "name": "Glipizide and Metformin Hydrochloride",
            "price": "953.60"
          }
        ]
      }
    },
    {
      "lastName": "Peterson",
      "age": 72,
      "soldProducts": {
        "count": 4,
        "products": [
          {
            "name": "Protonix",
            "price": "466.70"
          },
          {
            "name": "Air",
            "price": "331.53"
          },
          {
            "name": "Ranitidine",
            "price": "926.64"
          },
          {
            "name": "Buprenorphine hydrochloride and naloxone hydrochloride dihydrate",
            "price": "293.33"
          }
        ]
      }
    },
    {
      "firstName": "Nicole",
      "lastName": "Martinez",
      "age": 28,
      "soldProducts": {
        "count": 4,
        "products": [
          {
            "name": "Echinacea Quartz Gum Support",
            "price": "570.08"
          },
          {
            "name": "Enalapril Maleate",
            "price": "72.71"
          },
          {
            "name": "Leflunomide",
            "price": "312.85"
          },
          {
            "name": "MEDI-FIRST Non-Aspirin",
            "price": "1301.28"
          }
        ]
      }
    },
    {
      "lastName": "Baker",
      "soldProducts": {
        "count": 4,
        "products": [
          {
            "name": "Trihexyphenidyl Hydrochloride",
            "price": "64.88"
          },
          {
            "name": "Enchanted Moments Mistletoe Kisses Hand Sanitizer",
            "price": "384.99"
          },
          {
            "name": "H-Rosacea Formula",
            "price": "99.74"
          },
          {
            "name": "XANTHIUM STRUMARIUM VAR CANADENSE POLLEN",
            "price": "1091.38"
          }
        ]
      }
    },
    {
      "firstName": "Kathy",
      "lastName": "Gilbert",
      "age": 51,
      "soldProducts": {
        "count": 4,
        "products": [
          {
            "name": "Amlodipine Besylate",
            "price": "122.57"
          },
          {
            "name": "Gilotrif",
            "price": "1454.77"
          },
          {
            "name": "Childrens Allegra Allergy",
            "price": "650.97"
          },
          {
            "name": "BareMinerals Golden Tan matte",
            "price": "110.93"
          }
        ]
      }
    },
    {
      "firstName": "Jeremy",
      "lastName": "Woods",
      "age": 20,
      "soldProducts": {
        "count": 4,
        "products": [
          {
            "name": "Archangelica Eucalyptus",
            "price": "1334.91"
          },
          {
            "name": "Parsley",
            "price": "519.06"
          },
          {
            "name": "XtraCare Foam Antibacterial Hand Wash",
            "price": "1251.97"
          },
          {
            "name": "TERSI",
            "price": "554.91"
          }
        ]
      }
    },
    {
      "firstName": "Amanda",
      "lastName": "Frazier",
      "soldProducts": {
        "count": 4,
        "products": [
          {
            "name": "Ibuprofen",
            "price": "1305.96"
          },
          {
            "name": "No7 Protect and Perfect Foundation Sunscreen Broad Spectrum SPF 15 Cool Ivory",
            "price": "616.19"
          },
          {
            "name": "CHAMOMILLA",
            "price": "37.97"
          },
          {
            "name": "Benazepril Hydrochloride and Hydrochlorothiazide",
            "price": "1187.27"
          }
        ]
      }
    },
    {
      "firstName": "Joshua",
      "lastName": "Murray",
      "age": 41,
      "soldProducts": {
        "count": 4,
        "products": [
          {
            "name": "Imipramine Hydrochloride",
            "price": "648.69"
          },
          {
            "name": "SEPHORA Acne-Fighting Mattifying Moisturizer",
            "price": "1019.28"
          },
          {
            "name": "Etomidate",
            "price": "393.94"
          },
          {
            "name": "Metaxalone",
            "price": "79.94"
          }
        ]
      }
    },
    {
      "firstName": "Jean",
      "lastName": "Henry",
      "soldProducts": {
        "count": 4,
        "products": [
          {
            "name": "Naproxen",
            "price": "807.22"
          },
          {
            "name": "Pleo Lat",
            "price": "720.08"
          },
          {
            "name": "DIVALPROEX SODIUM",
            "price": "1287.03"
          },
          {
            "name": "LBEL Couleur Luxe Rouge Amplifier XP amplifying SPF 15",
            "price": "1069.43"
          }
        ]
      }
    },
    {
      "firstName": "Eugene",
      "lastName": "Stewart",
      "age": 65,
      "soldProducts": {
        "count": 4,
        "products": [
          {
            "name": "Meloxicam",
            "price": "809.18"
          },
          {
            "name": "Aspirin",
            "price": "925.45"
          },
          {
            "name": "Retin-A MICRO",
            "price": "995.98"
          },
          {
            "name": "Topex",
            "price": "1258.49"
          }
        ]
      }
    },
    {
      "firstName": "Ann",
      "lastName": "Stevens",
      "soldProducts": {
        "count": 4,
        "products": [
          {
            "name": "Fluoxetine",
            "price": "385.37"
          },
          {
            "name": "Extra Strength Pain Reliever PM",
            "price": "542.72"
          },
          {
            "name": "CARBIDOPA AND LEVODOPA",
            "price": "441.64"
          },
          {
            "name": "Peter Island Continous sunscreen kids",
            "price": "471.30"
          }
        ]
      }
    },
    {
      "firstName": "Anna",
      "lastName": "Clark",
      "age": 41,
      "soldProducts": {
        "count": 4,
        "products": [
          {
            "name": "Carbon Dioxide Oxygen Mixture",
            "price": "95.49"
          },
          {
            "name": "Allopurinol",
            "price": "518.50"
          },
          {
            "name": "ROPINIROLE HYDROCHLORIDE",
            "price": "266.44"
          },
          {
            "name": "Almond",
            "price": "367.32"
          }
        ]
      }
    },
    {
      "lastName": "Schmidt",
      "age": 70,
      "soldProducts": {
        "count": 4,
        "products": [
          {
            "name": "Allopurinol",
            "price": "336.81"
          },
          {
            "name": "ISOPROPYL ALCOHOL",
            "price": "339.48"
          },
          {
            "name": "Smooth texture Orange flavor",
            "price": "976.65"
          },
          {
            "name": "Etoposide",
            "price": "1483.96"
          }
        ]
      }
    },
    {
      "lastName": "Thompson",
      "age": 46,
      "soldProducts": {
        "count": 3,
        "products": [
          {
            "name": "Irbesartan and Hydrochlorothiazide",
            "price": "308.30"
          },
          {
            "name": "Clarins Paris Skin Illusion - 114 cappuccino",
            "price": "811.42"
          },
          {
            "name": "AMARANTHUS PALMERI POLLEN",
            "price": "623.16"
          }
        ]
      }
    },
    {
      "firstName": "Patricia",
      "lastName": "Cooper",
      "age": 72,
      "soldProducts": {
        "count": 3,
        "products": [
          {
            "name": "Nighttime Sleep Aid",
            "price": "1217.11"
          },
          {
            "name": "Shopko Lip Treatment",
            "price": "861.42"
          },
          {
            "name": "MEDICATED DANDRUFF",
            "price": "1351.02"
          }
        ]
      }
    },
    {
      "firstName": "Fred",
      "lastName": "Allen",
      "age": 57,
      "soldProducts": {
        "count": 3,
        "products": [
          {
            "name": "MOIST MOISTURE SKIN TONER",
            "price": "152.43"
          },
          {
            "name": "smart sense nicotine",
            "price": "1444.12"
          },
          {
            "name": "Myristica Argentum Sinus Relief",
            "price": "904.52"
          }
        ]
      }
    },
    {
      "firstName": "Jonathan",
      "lastName": "Rodriguez",
      "soldProducts": {
        "count": 3,
        "products": [
          {
            "name": "Prednisone",
            "price": "550.72"
          },
          {
            "name": "equaline",
            "price": "520.45"
          },
          {
            "name": "Acetic Acid",
            "price": "1060.43"
          }
        ]
      }
    },
    {
      "firstName": "Christina",
      "lastName": "Patterson",
      "age": 63,
      "soldProducts": {
        "count": 3,
        "products": [
          {
            "name": "up and up temporary minor arthritis pain relief",
            "price": "1085.78"
          },
          {
            "name": "Oxygen",
            "price": "1242.92"
          },
          {
            "name": "Head and Shoulders Conditioner",
            "price": "1099.59"
          }
        ]
      }
    },
    {
      "firstName": "Christine",
      "lastName": "Gomez",
      "age": 28,
      "soldProducts": {
        "count": 3,
        "products": [
          {
            "name": "Labetalol Hydrochloride",
            "price": "1345.11"
          },
          {
            "name": "Americaine",
            "price": "1165.75"
          },
          {
            "name": "CALMING DIAPER RASH",
            "price": "700.92"
          }
        ]
      }
    },
    {
      "firstName": "Patricia",
      "lastName": "Fuller",
      "age": 36,
      "soldProducts": {
        "count": 3,
        "products": [
          {
            "name": "Amitiza",
            "price": "666.58"
          },
          {
            "name": "Pollens - Weeds and Garden Plants, Nettle Urtica dioica",
            "price": "782.77"
          },
          {
            "name": "Perrigo Benzoyl Peroxide",
            "price": "873.24"
          }
        ]
      }
    },
    {
      "firstName": "Patrick",
      "lastName": "King",
      "soldProducts": {
        "count": 3,
        "products": [
          {
            "name": "leader pain reliever",
            "price": "1179.79"
          },
          {
            "name": "Leg Cramp Relief",
            "price": "1345.69"
          },
          {
            "name": "ESIKA 3-IN-1 PRO MAKE UP FOUNDATION SPF 20 BASE DE MAQUILLAJE PARA ROSTRO 3-EN-1 PRO FPS 20",
            "price": "1097.60"
          }
        ]
      }
    },
    {
      "firstName": "Rachel",
      "lastName": "Johnson",
      "age": 24,
      "soldProducts": {
        "count": 3,
        "products": [
          {
            "name": "PLANTAGO LANCEOLATA POLLEN",
            "price": "561.68"
          },
          {
            "name": "Albuterol",
            "price": "108.95"
          },
          {
            "name": "Lorazepam",
            "price": "1134.96"
          }
        ]
      }
    },
    {
      "firstName": "Sandra",
      "lastName": "Riley",
      "age": 74,
      "soldProducts": {
        "count": 3,
        "products": [
          {
            "name": "Budpak Hemorrhoid Anesthetic",
            "price": "1499.29"
          },
          {
            "name": "Levothyroxine Sodium",
            "price": "885.86"
          },
          {
            "name": "LV-FX",
            "price": "820.87"
          }
        ]
      }
    },
    {
      "lastName": "Moreno",
      "age": 37,
      "soldProducts": {
        "count": 3,
        "products": [
          {
            "name": "Pollens - Weeds and Garden Plants, Scotch Broom Cytisus scoparius",
            "price": "135.82"
          },
          {
            "name": "Butalbital, Aspirin and Caffeine",
            "price": "1010.98"
          },
          {
            "name": "LANEIGE MYSTIC VEIL FOUNDATION",
            "price": "20.86"
          }
        ]
      }
    },
    {
      "firstName": "Nicole",
      "lastName": "Harris",
      "age": 43,
      "soldProducts": {
        "count": 2,
        "products": [
          {
            "name": "Acnezzol Base",
            "price": "710.60"
          },
          {
            "name": "ENALAPRIL MALEATE",
            "price": "210.42"
          }
        ]
      }
    },
    {
      "firstName": "Benjamin",
      "lastName": "Henry",
      "age": 63,
      "soldProducts": {
        "count": 2,
        "products": [
          {
            "name": "Treatment Set TS336667",
            "price": "1466.47"
          },
          {
            "name": "Alternaria alternata",
            "price": "61.24"
          }
        ]
      }
    },
    {
      "firstName": "Gloria",
      "lastName": "Alexander",
      "age": 61,
      "soldProducts": {
        "count": 2,
        "products": [
          {
            "name": "Strattera",
            "price": "658.54"
          },
          {
            "name": "Aspergillus repens",
            "price": "1231.42"
          }
        ]
      }
    },
    {
      "firstName": "Doris",
      "lastName": "Cook",
      "age": 61,
      "soldProducts": {
        "count": 2,
        "products": [
          {
            "name": "ANXIETY/STRESS RELIEF",
            "price": "324.66"
          },
          {
            "name": "Dawn Ultra Antibacterial Hand",
            "price": "969.86"
          }
        ]
      }
    },
    {
      "firstName": "Bonnie",
      "lastName": "Fox",
      "age": 18,
      "soldProducts": {
        "count": 2,
        "products": [
          {
            "name": "Stila Hydrating Primer Oil-Free SPF 30",
            "price": "179.28"
          },
          {
            "name": "U-max Multi BB",
            "price": "137.16"
          }
        ]
      }
    },
    {
      "firstName": "Sarah",
      "lastName": "Day",
      "age": 33,
      "soldProducts": {
        "count": 2,
        "products": [
          {
            "name": "IOPE SUPER VITAL",
            "price": "824.68"
          },
          {
            "name": "Triamterene and Hydrochlorothiazide",
            "price": "1416.59"
          }
        ]
      }
    },
    {
      "firstName": "Jennifer",
      "lastName": "Riley",
      "soldProducts": {
        "count": 2,
        "products": [
          {
            "name": "Allopurinol",
            "price": "48.80"
          },
          {
            "name": "Eszopiclone",
            "price": "405.03"
          }
        ]
      }
    },
    {
      "firstName": "Jacqueline",
      "lastName": "Perez",
      "age": 25,
      "soldProducts": {
        "count": 2,
        "products": [
          {
            "name": "Cold and Cough",
            "price": "218.14"
          },
          {
            "name": "Glipizide",
            "price": "621.78"
          }
        ]
      }
    },
    {
      "firstName": "Billy",
      "lastName": "Parker",
      "age": 68,
      "soldProducts": {
        "count": 2,
        "products": [
          {
            "name": "Pleo Ginkgo",
            "price": "613.65"
          },
          {
            "name": "Clearskin",
            "price": "968.59"
          }
        ]
      }
    },
    {
      "firstName": "Arthur",
      "lastName": "Reynolds",
      "age": 32,
      "soldProducts": {
        "count": 2,
        "products": [
          {
            "name": "Azithromycin",
            "price": "813.87"
          },
          {
            "name": "Pioglitazone",
            "price": "306.56"
          }
        ]
      }
    },
    {
      "firstName": "Gary",
      "lastName": "Stevens",
      "soldProducts": {
        "count": 2,
        "products": [
          {
            "name": "Cefadroxil",
            "price": "1302.20"
          },
          {
            "name": "Fosphenytoin Sodium",
            "price": "1334.06"
          }
        ]
      }
    },
    {
      "firstName": "Carl",
      "lastName": "Daniels",
      "age": 59,
      "soldProducts": {
        "count": 2,
        "products": [
          {
            "name": "Prednisone",
            "price": "1285.99"
          },
          {
            "name": "EPZICOM",
            "price": "895.65"
          }
        ]
      }
    },
    {
      "lastName": "Fox",
      "age": 68,
      "soldProducts": {
        "count": 1,
        "products": [
          {
            "name": "GEMCITABINE",
            "price": "1468.11"
          }
        ]
      }
    },
    {
      "firstName": "Brenda",
      "lastName": "Howell",
      "age": 75,
      "soldProducts": {
        "count": 1,
        "products": [
          {
            "name": "CD CAPTURE TOTALE Triple Correcting Serum Foundation Wrinkles-Dark Spots-Radiance with sunscreen Broad Spectrum SPF 25 010",
            "price": "77.23"
          }
        ]
      }
    },
    {
      "firstName": "Clarence",
      "lastName": "Fowler",
      "age": 50,
      "soldProducts": {
        "count": 1,
        "products": [
          {
            "name": "PredniSONE",
            "price": "286.43"
          }
        ]
      }
    },
    {
      "firstName": "Betty",
      "lastName": "Lawson",
      "age": 38,
      "soldProducts": {
        "count": 1,
        "products": [
          {
            "name": "Diastat",
            "price": "614.14"
          }
        ]
      }
    },
    {
      "firstName": "Chris",
      "lastName": "Mitchell",
      "age": 59,
      "soldProducts": {
        "count": 1,
        "products": [
          {
            "name": "Metoprolol Tartrate",
            "price": "1405.74"
          }
        ]
      }
    },
    {
      "firstName": "Wanda",
      "lastName": "Harris",
      "age": 26,
      "soldProducts": {
        "count": 1,
        "products": [
          {
            "name": "DAYWEAR PLUS MULTI PROTECTION TINTED MOISTURIZER",
            "price": "555.12"
          }
        ]
      }
    },
    {
      "lastName": "Stewart",
      "age": 39,
      "soldProducts": {
        "count": 1,
        "products": [
          {
            "name": "AIR",
            "price": "581.69"
          }
        ]
      }
    }
  ]
}