[
  {
    "Id": 2,
    "Name": "VF Corporation",
    "PartsCount": 0
  },
  {
    "Id": 5,
    "Name": "Saks Inc",
    "PartsCount": 0
  },
  {
    "Id": 8,
    "Name": "Nicor Inc",
    "PartsCount": 0
  },
  {
    "Id": 10,
    "Name": "Level 3 Communications Inc.",
    "PartsCount": 0
  },
  {
    "Id": 12,
    "Name": "GenCorp Inc.",
    "PartsCount": 0
  },
  {
    "Id": 16,
    "Name": "E.I. Du Pont de Nemours and Company",
    "PartsCount": 0
  },
  {
    "Id": 17,
    "Name": "The Clorox Co.",
    "PartsCount": 0
  },
  {
    "Id": 20,
    "Name": "Cintas Corp.",
    "PartsCount": 0
  },
  {
    "Id": 22,
    "Name": "Cintas Corp.",
    "PartsCount": 0
  },
  {
    "Id": 24,
    "Name": "Caterpillar Inc.",
    "PartsCount": 0
  },
  {
    "Id": 27,
    "Name": "Airgas, Inc.",
    "PartsCount": 0
  },
  {
    "Id": 29,
    "Name": "Agway Inc.",
    "PartsCount": 0
  },
  {
    "Id": 31,
    "Name": "Zale",
    "PartsCount": 0
  },
  {
    "Id": 32,
    "Name": "Bonnet/hood",
    "PartsCount": 0
  },
  {
    "Id": 33,
    "Name": "Thermostat",
    "PartsCount": 0
  },
  {
    "Id": 34,
    "Name": "Overflow tank",
    "PartsCount": 0
  },
  {
    "Id": 35,
    "Name": "Radiator pressure cap",
    "PartsCount": 0
  },
  {
    "Id": 36,
    "Name": "Radiator gasket",
    "PartsCount": 0
  },
  {
    "Id": 37,
    "Name": "Radiator (fan) shroud",
    "PartsCount": 0
  },
  {
    "Id": 38,
    "Name": "Radiator bolt",
    "PartsCount": 0
  },
  {
    "Id": 39,
    "Name": "Fan clutch",
    "PartsCount": 0
  },
  {
    "Id": 40,
    "Name": "Fan blade",
    "PartsCount": 0
  },
  {
    "Id": 41,
    "Name": "Cooling fan",
    "PartsCount": 0
  },
  {
    "Id": 42,
    "Name": "Coolant hose ",
    "PartsCount": 0
  },
  {
    "Id": 43,
    "Name": "Air blower",
    "PartsCount": 0
  },
  {
    "Id": 44,
    "Name": "Water pump pulley",
    "PartsCount": 0
  },
  {
    "Id": 45,
    "Name": "Valve stem seal",
    "PartsCount": 0
  },
  {
    "Id": 46,
    "Name": "Valve spring",
    "PartsCount": 0
  },
  {
    "Id": 47,
    "Name": "Valve housing",
    "PartsCount": 0
  },
  {
    "Id": 48,
    "Name": "Valve cover",
    "PartsCount": 0
  },
  {
    "Id": 49,
    "Name": "Timing tape",
    "PartsCount": 0
  },
  {
    "Id": 50,
    "Name": "Tappet",
    "PartsCount": 0
  },
  {
    "Id": 51,
    "Name": "Turbocharger",
    "PartsCount": 0
  },
  {
    "Id": 52,
    "Name": "Starter motor",
    "PartsCount": 0
  },
  {
    "Id": 53,
    "Name": "Rocker cover",
    "PartsCount": 0
  },
  {
    "Id": 54,
    "Name": "Rocker arm",
    "PartsCount": 0
  },
  {
    "Id": 55,
    "Name": "Poppet valve",
    "PartsCount": 0
  },
  {
    "Id": 56,
    "Name": "Piston",
    "PartsCount": 0
  },
  {
    "Id": 57,
    "Name": "Heater",
    "PartsCount": 0
  },
  {
    "Id": 58,
    "Name": "Harmonic balancer",
    "PartsCount": 0
  },
  {
    "Id": 59,
    "Name": "Gudgeon pin",
    "PartsCount": 0
  },
  {
    "Id": 60,
    "Name": "Fan belt",
    "PartsCount": 0
  },
  {
    "Id": 61,
    "Name": "Engine valve",
    "PartsCount": 0
  },
  {
    "Id": 62,
    "Name": "Water neck",
    "PartsCount": 0
  },
  {
    "Id": 63,
    "Name": "Engine shake damper and vibration absorber",
    "PartsCount": 0
  },
  {
    "Id": 64,
    "Name": "Water neck o-ring",
    "PartsCount": 0
  },
  {
    "Id": 65,
    "Name": "Water pump",
    "PartsCount": 0
  },
  {
    "Id": 66,
    "Name": "Differential seal",
    "PartsCount": 0
  },
  {
    "Id": 67,
    "Name": "Transmission pan",
    "PartsCount": 0
  },
  {
    "Id": 68,
    "Name": "Transmission gear",
    "PartsCount": 0
  },
  {
    "Id": 69,
    "Name": "Speed reducer",
    "PartsCount": 0
  },
  {
    "Id": 70,
    "Name": "Master cylinder",
    "PartsCount": 0
  },
  {
    "Id": 71,
    "Name": "Clutch assembly",
    "PartsCount": 0
  },
  {
    "Id": 72,
    "Name": "Steering box",
    "PartsCount": 0
  },
  {
    "Id": 73,
    "Name": "Steering arm",
    "PartsCount": 0
  },
  {
    "Id": 74,
    "Name": "Fuel pressure regulator",
    "PartsCount": 0
  },
  {
    "Id": 75,
    "Name": "Fuel rail",
    "PartsCount": 0
  },
  {
    "Id": 76,
    "Name": "Fuel filter",
    "PartsCount": 0
  },
  {
    "Id": 77,
    "Name": "Fuel cooler",
    "PartsCount": 0
  },
  {
    "Id": 78,
    "Name": "Choke cable",
    "PartsCount": 0
  },
  {
    "Id": 79,
    "Name": "Air filter",
    "PartsCount": 0
  },
  {
    "Id": 80,
    "Name": "Heat shield",
    "PartsCount": 0
  },
  {
    "Id": 81,
    "Name": "Exhaust pipe",
    "PartsCount": 0
  },
  {
    "Id": 82,
    "Name": "Muffler",
    "PartsCount": 0
  },
  {
    "Id": 83,
    "Name": "Resonator",
    "PartsCount": 0
  },
  {
    "Id": 84,
    "Name": "Exhaust flange gasket",
    "PartsCount": 0
  },
  {
    "Id": 85,
    "Name": "Exhaust clamp and bracket",
    "PartsCount": 0
  },
  {
    "Id": 86,
    "Name": "Catalytic converter",
    "PartsCount": 0
  },
  {
    "Id": 87,
    "Name": "Oil strainer",
    "PartsCount": 0
  },
  {
    "Id": 88,
    "Name": "Oil pump",
    "PartsCount": 0
  },
  {
    "Id": 89,
    "Name": "Oil pipe",
    "PartsCount": 0
  },
  {
    "Id": 90,
    "Name": "Oil pan",
    "PartsCount": 0
  },
  {
    "Id": 91,
    "Name": "Oil gasket",
    "PartsCount": 0
  },
  {
    "Id": 92,
    "Name": "Oil filter",
    "PartsCount": 0
  },
  {
    "Id": 93,
    "Name": "Water tank",
    "PartsCount": 0
  },
  {
    "Id": 94,
    "Name": "Water pump gasket",
    "PartsCount": 0
  },
  {
    "Id": 95,
    "Name": "Water pipe",
    "PartsCount": 0
  },
  {
    "Id": 96,
    "Name": "Differential clutch",
    "PartsCount": 0
  },
  {
    "Id": 97,
    "Name": "Engine cradle",
    "PartsCount": 0
  },
  {
    "Id": 98,
    "Name": "Drive belt",
    "PartsCount": 0
  },
  {
    "Id": 99,
    "Name": "Back Door Outer Door Handle",
    "PartsCount": 0
  },
  {
    "Id": 100,
    "Name": "Rear Left Side Inner door handle",
    "PartsCount": 0
  },
  {
    "Id": 101,
    "Name": "Rear Right Side Inner door handle",
    "PartsCount": 0
  },
  {
    "Id": 102,
    "Name": "Front Left Side Inner door handle",
    "PartsCount": 0
  },
  {
    "Id": 103,
    "Name": "Front Right Side Inner door handle",
    "PartsCount": 0
  },
  {
    "Id": 104,
    "Name": "Rear Left Side Outer door handle",
    "PartsCount": 0
  },
  {
    "Id": 105,
    "Name": "Rear Right Side Outer door handle",
    "PartsCount": 0
  },
  {
    "Id": 106,
    "Name": "Front Left Side Outer door handle",
    "PartsCount": 0
  },
  {
    "Id": 107,
    "Name": "Front Right Outer door handle",
    "PartsCount": 0
  },
  {
    "Id": 108,
    "Name": "Welded assembly",
    "PartsCount": 0
  },
  {
    "Id": 109,
    "Name": "Valance",
    "PartsCount": 0
  },
  {
    "Id": 110,
    "Name": "Trunk/boot/hatch",
    "PartsCount": 0
  },
  {
    "Id": 111,
    "Name": "Trim package",
    "PartsCount": 0
  },
  {
    "Id": 112,
    "Name": "Rims",
    "PartsCount": 0
  },
  {
    "Id": 113,
    "Name": "Spoiler",
    "PartsCount": 0
  },
  {
    "Id": 114,
    "Name": "Roof rack",
    "PartsCount": 0
  },
  {
    "Id": 115,
    "Name": "Rocker",
    "PartsCount": 0
  },
  {
    "Id": 116,
    "Name": "Radiator ",
    "PartsCount": 0
  },
  {
    "Id": 117,
    "Name": "Quarter panel",
    "PartsCount": 0
  },
  {
    "Id": 118,
    "Name": "Pillar",
    "PartsCount": 0
  },
  {
    "Id": 119,
    "Name": "Grille",
    "PartsCount": 0
  },
  {
    "Id": 120,
    "Name": "Front fascia",
    "PartsCount": 0
  },
  {
    "Id": 121,
    "Name": "Front clip",
    "PartsCount": 0
  },
  {
    "Id": 122,
    "Name": "Fender",
    "PartsCount": 0
  },
  {
    "Id": 123,
    "Name": "Fascia",
    "PartsCount": 0
  },
  {
    "Id": 124,
    "Name": "Decklid",
    "PartsCount": 0
  },
  {
    "Id": 125,
    "Name": "Cowl screen",
    "PartsCount": 0
  },
  {
    "Id": 126,
    "Name": "Exposed bumper",
    "PartsCount": 0
  },
  {
    "Id": 127,
    "Name": "Unexposed bumper",
    "PartsCount": 0
  },
  {
    "Id": 128,
    "Name": "Front Right Side Window motor",
    "PartsCount": 0
  },
  {
    "Id": 129,
    "Name": "Engine block",
    "PartsCount": 0
  },
  {
    "Id": 130,
    "Name": "Front Left Side Window motor",
    "PartsCount": 0
  },
  {
    "Id": 131,
    "Name": "Rear Left Side Window motor",
    "PartsCount": 0
  },
  {
    "Id": 132,
    "Name": "Distributor cap",
    "PartsCount": 0
  },
  {
    "Id": 133,
    "Name": "Distributor",
    "PartsCount": 0
  },
  {
    "Id": 134,
    "Name": "Cylinder head",
    "PartsCount": 0
  },
  {
    "Id": 135,
    "Name": "Crankshaft",
    "PartsCount": 0
  },
  {
    "Id": 136,
    "Name": "Crank pulley",
    "PartsCount": 0
  },
  {
    "Id": 137,
    "Name": "Crank case",
    "PartsCount": 0
  },
  {
    "Id": 138,
    "Name": "Camshaft",
    "PartsCount": 0
  },
  {
    "Id": 139,
    "Name": "Engine",
    "PartsCount": 0
  },
  {
    "Id": 140,
    "Name": "Window seal",
    "PartsCount": 0
  },
  {
    "Id": 141,
    "Name": "Windshield",
    "PartsCount": 0
  },
  {
    "Id": 142,
    "Name": "Window regulator",
    "PartsCount": 0
  },
  {
    "Id": 143,
    "Name": "Window motor",
    "PartsCount": 0
  },
  {
    "Id": 144,
    "Name": "Sunroof Glass",
    "PartsCount": 0
  },
  {
    "Id": 145,
    "Name": "Sunroof Rail",
    "PartsCount": 0
  },
  {
    "Id": 146,
    "Name": "Sunroof",
    "PartsCount": 0
  },
  {
    "Id": 147,
    "Name": "Rear Left Quarter Glass",
    "PartsCount": 0
  },
  {
    "Id": 148,
    "Name": "Rear Right Quarter Glass",
    "PartsCount": 0
  },
  {
    "Id": 149,
    "Name": "Rear Left Side Door Glass",
    "PartsCount": 0
  },
  {
    "Id": 150,
    "Name": "Rear Right Side Door Glass",
    "PartsCount": 0
  },
  {
    "Id": 151,
    "Name": "Front Left Side Door Glass",
    "PartsCount": 0
  },
  {
    "Id": 152,
    "Name": "Front Right Side Door Glass",
    "PartsCount": 0
  },
  {
    "Id": 153,
    "Name": "Fuel tank",
    "PartsCount": 0
  },
  {
    "Id": 154,
    "Name": "Center-locking",
    "PartsCount": 0
  },
  {
    "Id": 155,
    "Name": "Door lock and power door locks",
    "PartsCount": 0
  },
  {
    "Id": 156,
    "Name": "Door latch",
    "PartsCount": 0
  },
  {
    "Id": 157,
    "Name": "Hinge",
    "PartsCount": 0
  },
  {
    "Id": 158,
    "Name": "Door water-shield",
    "PartsCount": 0
  },
  {
    "Id": 159,
    "Name": "Door seal",
    "PartsCount": 0
  },
  {
    "Id": 160,
    "Name": "Door control module",
    "PartsCount": 0
  },
  {
    "Id": 161,
    "Name": "Rear Right Side Window motor",
    "PartsCount": 0
  },
  {
    "Id": 162,
    "Name": "Clutch shoe",
    "PartsCount": 0
  }
]